1.000000000000000000e+00;3.551990074305777512e-02
2.000000000000000000e+00;3.551989300716407172e-02
3.000000000000000000e+00;3.551988175440712325e-02
4.000000000000000000e+00;3.551986858067301966e-02
5.000000000000000000e+00;3.551984761586801653e-02
6.000000000000000000e+00;3.551981826782046880e-02
7.000000000000000000e+00;3.551977733607181165e-02
8.000000000000000000e+00;3.551971740049530979e-02
9.000000000000000000e+00;3.551963605053742867e-02
1.000000000000000000e+01;3.551952581609008064e-02
1.100000000000000000e+01;3.551937752919265279e-02
1.200000000000000000e+01;3.551918240237839086e-02
1.300000000000000000e+01;3.551892832091319008e-02
1.400000000000000000e+01;3.551860168448506272e-02
1.500000000000000000e+01;3.551818893811820033e-02
1.600000000000000000e+01;3.551766838470626908e-02
1.700000000000000000e+01;3.551702014862456736e-02
1.800000000000000000e+01;3.551622539695564740e-02
1.900000000000000000e+01;3.551525769445085245e-02
2.000000000000000000e+01;3.551409104436764608e-02
2.100000000000000000e+01;3.551269850075478018e-02
2.200000000000000000e+01;3.551105128014064860e-02
2.300000000000000000e+01;3.550911944699386424e-02
2.400000000000000000e+01;3.550687300708865735e-02
2.500000000000000000e+01;3.550427631018315822e-02
2.600000000000000000e+01;3.550130168835430311e-02
2.700000000000000000e+01;3.549791578693373140e-02
2.800000000000000000e+01;3.549408565122291748e-02
2.900000000000000000e+01;3.548977981321854713e-02
3.000000000000000000e+01;3.548496691986535723e-02
3.100000000000000000e+01;3.547961148841949353e-02
3.200000000000000000e+01;3.547368749497081808e-02
3.300000000000000000e+01;3.546716086302659221e-02
3.400000000000000000e+01;3.546000350579880944e-02
3.500000000000000000e+01;3.545218479738565520e-02
3.600000000000000000e+01;3.544367410142790220e-02
3.700000000000000000e+01;3.543444704029496961e-02
3.800000000000000000e+01;3.542447624315947508e-02
3.900000000000000000e+01;3.541373018848759102e-02
4.000000000000000000e+01;3.540218814429607619e-02
4.100000000000000000e+01;3.538982322672623582e-02
4.200000000000000000e+01;3.537661154603277680e-02
4.300000000000000000e+01;3.536252885550794645e-02
4.400000000000000000e+01;3.534755387975963004e-02
4.500000000000000000e+01;3.533166305860291345e-02
4.600000000000000000e+01;3.531483569303084380e-02
4.700000000000000000e+01;3.529704944256906174e-02
4.800000000000000000e+01;3.527828897886919890e-02
4.900000000000000000e+01;3.525852931448447691e-02
5.000000000000000000e+01;3.523775645150273306e-02
5.100000000000000000e+01;3.521595179829262179e-02
5.200000000000000000e+01;3.519309648950574854e-02
5.300000000000000000e+01;3.516917725499446590e-02
5.400000000000000000e+01;3.514417466886499142e-02
5.500000000000000000e+01;3.511807343893558198e-02
5.600000000000000000e+01;3.509086289756879751e-02
5.700000000000000000e+01;3.506252472290150024e-02
5.800000000000000000e+01;3.503304857551547968e-02
5.900000000000000000e+01;3.500242105055484387e-02
6.000000000000000000e+01;3.497062653416804778e-02
6.100000000000000000e+01;3.493765701023399117e-02
6.200000000000000000e+01;3.490349976534368182e-02
6.300000000000000000e+01;3.486814495225409871e-02
6.400000000000000000e+01;3.483157979353812550e-02
6.500000000000000000e+01;3.479379601400189870e-02
6.600000000000000000e+01;3.475478366798157026e-02
6.700000000000000000e+01;3.471453496338838818e-02
6.800000000000000000e+01;3.467304108051649791e-02
6.900000000000000000e+01;3.463029116479532377e-02
7.000000000000000000e+01;3.458628104732142106e-02
7.100000000000000000e+01;3.454100211798305509e-02
7.200000000000000000e+01;3.449444929454514863e-02
7.300000000000000000e+01;3.444661035243790081e-02
7.400000000000000000e+01;3.439748511223683636e-02
7.500000000000000000e+01;3.434706545793630994e-02
7.600000000000000000e+01;3.429534792589095105e-02
7.700000000000000000e+01;3.424232182628550447e-02
7.800000000000000000e+01;3.418798801276601296e-02
7.900000000000000000e+01;3.413234058802139259e-02
8.000000000000000000e+01;3.407537446387287616e-02
8.100000000000000000e+01;3.401708661414382107e-02
8.200000000000000000e+01;3.395747163330575802e-02
8.300000000000000000e+01;3.389652656556307875e-02
8.400000000000000000e+01;3.383425037855758433e-02
8.500000000000000000e+01;3.377064074515168102e-02
8.600000000000000000e+01;3.370569098558284793e-02
8.700000000000000000e+01;3.363940251595742836e-02
8.800000000000000000e+01;3.357177083169737841e-02
8.900000000000000000e+01;3.350279632613073488e-02
9.000000000000000000e+01;3.343247723271858263e-02
9.100000000000000000e+01;3.336080861094714578e-02
9.200000000000000000e+01;3.328779396365710852e-02
9.300000000000000000e+01;3.321342966970242117e-02
9.400000000000000000e+01;3.313771413449906333e-02
9.500000000000000000e+01;3.306064939070019193e-02
9.600000000000000000e+01;3.298223168876823763e-02
9.700000000000000000e+01;3.290246470886515340e-02
9.800000000000000000e+01;3.282134355323584884e-02
9.900000000000000000e+01;3.273887207843273472e-02
1.000000000000000000e+02;3.265504946587682866e-02
1.010000000000000000e+02;3.256987554800261364e-02
1.020000000000000000e+02;3.248335305885063917e-02
1.030000000000000000e+02;3.239547844099455176e-02
1.040000000000000000e+02;3.230625477091741971e-02
1.050000000000000000e+02;3.221568268339858321e-02
1.060000000000000000e+02;3.212376302873565237e-02
1.070000000000000000e+02;3.203049942669977668e-02
1.080000000000000000e+02;3.193588948544601180e-02
1.090000000000000000e+02;3.183993513675531517e-02
1.100000000000000000e+02;3.174263755947137611e-02
1.110000000000000000e+02;3.164400096960662268e-02
1.120000000000000000e+02;3.154402670302580702e-02
1.130000000000000000e+02;3.144271300433310046e-02
1.140000000000000000e+02;3.134006686198276270e-02
1.150000000000000000e+02;3.123608367693542220e-02
1.160000000000000000e+02;3.113077217755311210e-02
1.170000000000000000e+02;3.102412896152806354e-02
1.180000000000000000e+02;3.091616134107866287e-02
1.190000000000000000e+02;3.080686664982401624e-02
1.200000000000000000e+02;3.069625046753010622e-02
1.210000000000000000e+02;3.058431399005989704e-02
1.220000000000000000e+02;3.047105889873158446e-02
1.230000000000000000e+02;3.035648946253033387e-02
1.240000000000000000e+02;3.024060745009826690e-02
1.250000000000000000e+02;3.012341531141871087e-02
1.260000000000000000e+02;3.000491598995758125e-02
1.270000000000000000e+02;2.988511187246167822e-02
1.280000000000000000e+02;2.976400657482614065e-02
1.290000000000000000e+02;2.964160162154882983e-02
1.300000000000000000e+02;2.951790082206606769e-02
1.310000000000000000e+02;2.939290717209885884e-02
1.320000000000000000e+02;2.926662334598972848e-02
1.330000000000000000e+02;2.913905221225654429e-02
1.340000000000000000e+02;2.901019727823950234e-02
1.350000000000000000e+02;2.888006183593105902e-02
1.360000000000000000e+02;2.874864747272454224e-02
1.370000000000000000e+02;2.861595870279209919e-02
1.380000000000000000e+02;2.848199941738016605e-02
1.390000000000000000e+02;2.834676994300089348e-02
1.400000000000000000e+02;2.821027633588535366e-02
1.410000000000000000e+02;2.807252050342512462e-02
1.420000000000000000e+02;2.793350668843075368e-02
1.430000000000000000e+02;2.779323816661616320e-02
1.440000000000000000e+02;2.765171689947543143e-02
1.450000000000000000e+02;2.750894691405747494e-02
1.460000000000000000e+02;2.736493237018144953e-02
1.470000000000000000e+02;2.721967440746020372e-02
1.480000000000000000e+02;2.707317926106611594e-02
1.490000000000000000e+02;2.692544930757456711e-02
1.500000000000000000e+02;2.677648688095679574e-02
1.510000000000000000e+02;2.662629724719600688e-02
1.520000000000000000e+02;2.647488208503645524e-02
1.530000000000000000e+02;2.632224622472278952e-02
1.540000000000000000e+02;2.616839246697821864e-02
1.550000000000000000e+02;2.601332467453687514e-02
1.560000000000000000e+02;2.585704595748872237e-02
1.570000000000000000e+02;2.569956022751895830e-02
1.580000000000000000e+02;2.554087031614393766e-02
1.590000000000000000e+02;2.538098027795321343e-02
1.600000000000000000e+02;2.521989341020791642e-02
1.610000000000000000e+02;2.505761388579053062e-02
1.620000000000000000e+02;2.489414432785430620e-02
1.630000000000000000e+02;2.472948815181474913e-02
1.640000000000000000e+02;2.456364990416481930e-02
1.650000000000000000e+02;2.439663228573252240e-02
1.660000000000000000e+02;2.422843964182241905e-02
1.670000000000000000e+02;2.405907441743515562e-02
1.680000000000000000e+02;2.388854095442383141e-02
1.690000000000000000e+02;2.371684241521876402e-02
1.700000000000000000e+02;2.354398245320332705e-02
1.710000000000000000e+02;2.336996457452755749e-02
1.720000000000000000e+02;2.319479209496932981e-02
1.730000000000000000e+02;2.301846877488422649e-02
1.740000000000000000e+02;2.284099806455586190e-02
1.750000000000000000e+02;2.266238353345428891e-02
1.760000000000000000e+02;2.248262849886550896e-02
1.770000000000000000e+02;2.230173690586667590e-02
1.780000000000000000e+02;2.211971182640581901e-02
1.790000000000000000e+02;2.193655701423757876e-02
1.800000000000000000e+02;2.175227564390525004e-02
1.810000000000000000e+02;2.156687137913415597e-02
1.820000000000000000e+02;2.138034737258998064e-02
1.830000000000000000e+02;2.119270818748120178e-02
1.840000000000000000e+02;2.100395592611725704e-02
1.850000000000000000e+02;2.081409488115326667e-02
1.860000000000000000e+02;2.062312802526378164e-02
1.870000000000000000e+02;2.043105895356411850e-02
1.880000000000000000e+02;2.023789138616471917e-02
1.890000000000000000e+02;2.004362802683523626e-02
1.900000000000000000e+02;1.984827315434856132e-02
1.910000000000000000e+02;1.965182956743660725e-02
1.920000000000000000e+02;1.945430056470875968e-02
1.930000000000000000e+02;1.925569018825790124e-02
1.940000000000000000e+02;1.905600142307761757e-02
1.950000000000000000e+02;1.885523759003149280e-02
1.960000000000000000e+02;1.865340178953900363e-02
1.970000000000000000e+02;1.845049799817211067e-02
1.980000000000000000e+02;1.824652892283573635e-02
1.990000000000000000e+02;1.804149812582522827e-02
2.000000000000000000e+02;1.783540924651383364e-02
2.010000000000000000e+02;1.762826489728475110e-02
2.020000000000000000e+02;1.742006879256408070e-02
2.030000000000000000e+02;1.721082433970622105e-02
2.040000000000000000e+02;1.700053442237248191e-02
2.050000000000000000e+02;1.678920254876459239e-02
2.060000000000000000e+02;1.657683191491798880e-02
2.070000000000000000e+02;1.636342575251070741e-02
2.080000000000000000e+02;1.614898713608958758e-02
2.090000000000000000e+02;1.593351933890296834e-02
2.100000000000000000e+02;1.571702566751653762e-02
2.110000000000000000e+02;1.549950900442631507e-02
2.120000000000000000e+02;1.528097347031831532e-02
2.130000000000000000e+02;1.506142090755346885e-02
2.140000000000000000e+02;1.484085514562316632e-02
2.150000000000000000e+02;1.461927807534735280e-02
2.160000000000000000e+02;1.439669471227666975e-02
2.170000000000000000e+02;1.417310888836631477e-02
2.180000000000000000e+02;1.394852081090647289e-02
2.190000000000000000e+02;1.372293499443344444e-02
2.200000000000000000e+02;1.349635400980098154e-02
2.210000000000000000e+02;1.326878223229321918e-02
2.220000000000000000e+02;1.304022092569212532e-02
2.230000000000000000e+02;1.281067545568603805e-02
2.240000000000000000e+02;1.258014701211962461e-02
2.250000000000000000e+02;1.234863835841792934e-02
2.260000000000000000e+02;1.211615356338135996e-02
2.270000000000000000e+02;1.188269475680669984e-02
2.280000000000000000e+02;1.164826572471611144e-02
2.290000000000000000e+02;1.141286875767555387e-02
2.300000000000000000e+02;1.117650743195142127e-02
2.310000000000000000e+02;1.093918390872694602e-02
2.320000000000000000e+02;1.070090167069359666e-02
2.330000000000000000e+02;1.046166372798218447e-02
2.340000000000000000e+02;1.022147238406923009e-02
2.350000000000000000e+02;9.980330266206038914e-03
2.360000000000000000e+02;9.738241925836277346e-03
2.370000000000000000e+02;9.495208786836073500e-03
2.380000000000000000e+02;9.251233934255864710e-03
2.390000000000000000e+02;9.006320046994531481e-03
2.400000000000000000e+02;8.760470150354748853e-03
2.410000000000000000e+02;8.513687205068620756e-03
2.420000000000000000e+02;8.265973964389772277e-03
2.430000000000000000e+02;8.017332996944404044e-03
2.440000000000000000e+02;7.767767160229865908e-03
2.450000000000000000e+02;7.517279382536656840e-03
2.460000000000000000e+02;7.265872124984085190e-03
2.470000000000000000e+02;7.013547802456443492e-03
2.480000000000000000e+02;6.760310385008239109e-03
2.490000000000000000e+02;6.506161261702558818e-03
2.500000000000000000e+02;6.251103094857768383e-03
2.510000000000000000e+02;5.995140251968678058e-03
2.520000000000000000e+02;5.738273702876384164e-03
2.530000000000000000e+02;5.480506202625079482e-03
2.540000000000000000e+02;5.221840577355862933e-03
2.550000000000000000e+02;4.962281007113489295e-03
2.560000000000000000e+02;4.701827598674768183e-03
2.570000000000000000e+02;4.440483822449436957e-03
2.580000000000000000e+02;4.178253958583511007e-03
2.590000000000000000e+02;3.915138595601774796e-03
2.600000000000000000e+02;3.651141424274584324e-03
2.610000000000000000e+02;3.386263808424772037e-03
2.620000000000000000e+02;3.120509619938260926e-03
2.630000000000000000e+02;2.853880271112885225e-03
2.640000000000000000e+02;2.586379046810804994e-03
2.650000000000000000e+02;2.318008030139040443e-03
2.660000000000000000e+02;2.048769901914937464e-03
2.670000000000000000e+02;1.778667189080707089e-03
2.680000000000000000e+02;1.507702341248418065e-03
2.690000000000000000e+02;1.235877662473683358e-03
2.700000000000000000e+02;9.631958248483840634e-04
2.710000000000000000e+02;6.896591006082530839e-04
2.720000000000000000e+02;4.152698977950564085e-04
2.730000000000000000e+02;1.400307836334491185e-04
2.740000000000000000e+02;-1.360557391976158215e-04
2.750000000000000000e+02;-4.129876601997040098e-04
2.760000000000000000e+02;-6.907622264975543658e-04
2.770000000000000000e+02;-9.693772952221735295e-04
2.780000000000000000e+02;-1.248830195095251838e-03
2.790000000000000000e+02;-1.529119344455764917e-03
2.800000000000000000e+02;-1.810241128744394246e-03
2.810000000000000000e+02;-2.092194490355581138e-03
2.820000000000000000e+02;-2.374976425425501247e-03
2.830000000000000000e+02;-2.658585173461958107e-03
2.840000000000000000e+02;-2.943017158511196385e-03
2.850000000000000000e+02;-3.228271716167796512e-03
2.860000000000000000e+02;-3.514345340153823827e-03
2.870000000000000000e+02;-3.801236539326069419e-03
2.880000000000000000e+02;-4.088942953091034838e-03
2.890000000000000000e+02;-4.377461943715132975e-03
2.900000000000000000e+02;-4.666791489837507356e-03
2.910000000000000000e+02;-4.956929448011848649e-03
2.920000000000000000e+02;-5.247874003623920203e-03
2.930000000000000000e+02;-5.539621605448630248e-03
2.940000000000000000e+02;-5.832172264721435795e-03
2.950000000000000000e+02;-6.125520285092278527e-03
2.960000000000000000e+02;-6.419667657199923383e-03
2.970000000000000000e+02;-6.714609618637013000e-03
2.980000000000000000e+02;-7.010344676119828478e-03
2.990000000000000000e+02;-7.306871265065240095e-03
3.000000000000000000e+02;-7.604185802316365539e-03
3.010000000000000000e+02;-7.902287695063847650e-03
3.020000000000000000e+02;-8.201173930668659295e-03
3.030000000000000000e+02;-8.500843100035737621e-03
3.040000000000000000e+02;-8.801292341983568690e-03
3.050000000000000000e+02;-9.102519729262681381e-03
3.060000000000000000e+02;-9.404523544979781491e-03
3.070000000000000000e+02;-9.707301566693971040e-03
3.080000000000000000e+02;-1.001085174552684975e-02
3.090000000000000000e+02;-1.031517201771059433e-02
3.100000000000000000e+02;-1.062026036392360595e-02
3.110000000000000000e+02;-1.092611488603623116e-02
3.120000000000000000e+02;-1.123273281186065731e-02
3.130000000000000000e+02;-1.154011372443797256e-02
3.140000000000000000e+02;-1.184825428924085600e-02
3.150000000000000000e+02;-1.215715251791316120e-02
3.160000000000000000e+02;-1.246680700184121804e-02
3.170000000000000000e+02;-1.277721571611500906e-02
3.180000000000000000e+02;-1.308837744196900132e-02
3.190000000000000000e+02;-1.340028878511567711e-02
3.200000000000000000e+02;-1.371294797844946345e-02
3.210000000000000000e+02;-1.402635409958286061e-02
3.220000000000000000e+02;-1.434050445590706602e-02
3.230000000000000000e+02;-1.465539710884655733e-02
3.240000000000000000e+02;-1.497103070872718433e-02
3.250000000000000000e+02;-1.528740283096752250e-02
3.260000000000000000e+02;-1.560451144134589185e-02
3.270000000000000000e+02;-1.592235590937818301e-02
3.280000000000000000e+02;-1.624093281362348762e-02
3.290000000000000000e+02;-1.656024099519370907e-02
3.300000000000000000e+02;-1.688027732016728066e-02
3.310000000000000000e+02;-1.720104281815615366e-02
3.320000000000000000e+02;-1.752253446623441846e-02
3.330000000000000000e+02;-1.784474918521361531e-02
3.340000000000000000e+02;-1.816768502307830602e-02
3.350000000000000000e+02;-1.849134271030017374e-02
3.360000000000000000e+02;-1.881571725702002595e-02
3.370000000000000000e+02;-1.914080937607565147e-02
3.380000000000000000e+02;-1.946661691292561613e-02
3.390000000000000000e+02;-1.979313668450188857e-02
3.400000000000000000e+02;-2.012036642681103160e-02
3.410000000000000000e+02;-2.044830876715586498e-02
3.420000000000000000e+02;-2.077695703343174216e-02
3.430000000000000000e+02;-2.110631159535003576e-02
3.440000000000000000e+02;-2.143636925977432384e-02
3.450000000000000000e+02;-2.176713132318397470e-02
3.460000000000000000e+02;-2.209859295188287831e-02
3.470000000000000000e+02;-2.243075510388869986e-02
3.480000000000000000e+02;-2.276361406464921799e-02
3.490000000000000000e+02;-2.309716839667252941e-02
3.500000000000000000e+02;-2.343141698248807359e-02
3.510000000000000000e+02;-2.376635778945512811e-02
3.520000000000000000e+02;-2.410198968481225279e-02
3.530000000000000000e+02;-2.443830997308005237e-02
3.540000000000000000e+02;-2.477531779226715969e-02
3.550000000000000000e+02;-2.511301037861457530e-02
3.560000000000000000e+02;-2.545138916614853031e-02
3.570000000000000000e+02;-2.579044865173507617e-02
3.580000000000000000e+02;-2.613018988762050299e-02
3.590000000000000000e+02;-2.647060952700819314e-02
3.600000000000000000e+02;-2.681170690094525355e-02
3.610000000000000000e+02;-2.715348027622077609e-02
3.620000000000000000e+02;-2.749592766372721542e-02
3.630000000000000000e+02;-2.783904725049701767e-02
3.640000000000000000e+02;-2.818283937312848764e-02
3.650000000000000000e+02;-2.852729953947275021e-02
3.660000000000000000e+02;-2.887242923646660131e-02
3.670000000000000000e+02;-2.921822455096467763e-02
3.680000000000000000e+02;-2.956468444964954756e-02
3.690000000000000000e+02;-2.991180787352476500e-02
3.700000000000000000e+02;-3.025959275607803534e-02
3.710000000000000000e+02;-3.060803795263566940e-02
3.720000000000000000e+02;-3.095714159897156037e-02
3.730000000000000000e+02;-3.130690350477927097e-02
3.740000000000000000e+02;-3.165731826855200381e-02
3.750000000000000000e+02;-3.200838859060262109e-02
3.760000000000000000e+02;-3.236011335668820266e-02
3.770000000000000000e+02;-3.271248552652750163e-02
3.780000000000000000e+02;-3.306551118564549085e-02
3.790000000000000000e+02;-3.341918270586852202e-02
3.800000000000000000e+02;-3.377349926144113113e-02
3.810000000000000000e+02;-3.412846248262368931e-02
3.820000000000000000e+02;-3.448407110820639332e-02
3.830000000000000000e+02;-3.484031961930078580e-02
3.840000000000000000e+02;-3.519720821116045784e-02
3.850000000000000000e+02;-3.555473777153572712e-02
3.860000000000000000e+02;-3.591290605276142855e-02
3.870000000000000000e+02;-3.627170753577324547e-02
3.880000000000000000e+02;-3.663114538996836700e-02
3.890000000000000000e+02;-3.699121975008701213e-02
3.900000000000000000e+02;-3.735192328367453740e-02
3.910000000000000000e+02;-3.771325782902756885e-02
3.920000000000000000e+02;-3.807522142935937381e-02
3.930000000000000000e+02;-3.843781257606693202e-02
3.940000000000000000e+02;-3.880103049162109130e-02
3.950000000000000000e+02;-3.916487315565220229e-02
3.960000000000000000e+02;-3.952933712935724486e-02
3.970000000000000000e+02;-3.989442867460368802e-02
3.980000000000000000e+02;-4.026013636289960118e-02
3.990000000000000000e+02;-4.062646769164857119e-02
4.000000000000000000e+02;-4.099341301787262637e-02
4.010000000000000000e+02;-4.136097894766699312e-02
4.020000000000000000e+02;-4.172915848275593476e-02
4.030000000000000000e+02;-4.209795058885923424e-02
4.040000000000000000e+02;-4.246735917414845574e-02
4.050000000000000000e+02;-4.283737700482603827e-02
4.060000000000000000e+02;-4.320800514528855274e-02
4.070000000000000000e+02;-4.357924031023330258e-02
4.080000000000000000e+02;-4.395108632766131507e-02
4.090000000000000000e+02;-4.432353685393408682e-02
4.100000000000000000e+02;-4.469659209750176387e-02
4.110000000000000000e+02;-4.507025103400152943e-02
4.120000000000000000e+02;-4.544451203415711404e-02
4.130000000000000000e+02;-4.581937370012489907e-02
4.140000000000000000e+02;-4.619483566657400786e-02
4.150000000000000000e+02;-4.657089574884665240e-02
4.160000000000000000e+02;-4.694755264885230872e-02
4.170000000000000000e+02;-4.732480548141815291e-02
4.180000000000000000e+02;-4.770265182463617748e-02
4.190000000000000000e+02;-4.808109372556934602e-02
4.200000000000000000e+02;-4.846012656060771917e-02
4.210000000000000000e+02;-4.883975026735321023e-02
4.220000000000000000e+02;-4.921996320396004876e-02
4.230000000000000000e+02;-4.960076452370643096e-02
4.240000000000000000e+02;-4.998215107572256954e-02
4.250000000000000000e+02;-5.036412721806549087e-02
4.260000000000000000e+02;-5.074668495509015997e-02
4.270000000000000000e+02;-5.112982632841500674e-02
4.280000000000000000e+02;-5.151355223217279899e-02
4.290000000000000000e+02;-5.189785780599009968e-02
4.300000000000000000e+02;-5.228274343807548519e-02
4.310000000000000000e+02;-5.266820679262096405e-02
4.320000000000000000e+02;-5.305424685035475818e-02
4.330000000000000000e+02;-5.344086268466519130e-02
4.340000000000000000e+02;-5.382805657268541211e-02
4.350000000000000000e+02;-5.421582256024137791e-02
4.360000000000000000e+02;-5.460416050844862923e-02
4.370000000000000000e+02;-5.499307056466840038e-02
4.380000000000000000e+02;-5.538254933888175913e-02
4.390000000000000000e+02;-5.577259800225320419e-02
4.400000000000000000e+02;-5.616321675422497606e-02
4.410000000000000000e+02;-5.655439876025880608e-02
4.420000000000000000e+02;-5.694614850355783631e-02
4.430000000000000000e+02;-5.733846510573670230e-02
4.440000000000000000e+02;-5.773134136435942310e-02
4.450000000000000000e+02;-5.812478073323745775e-02
4.460000000000000000e+02;-5.851878079301364721e-02
4.470000000000000000e+02;-5.891334010870963311e-02
4.480000000000000000e+02;-5.930845991799671424e-02
4.490000000000000000e+02;-5.970413466759971755e-02
4.500000000000000000e+02;-6.010036907417060092e-02
4.510000000000000000e+02;-6.049715812123146463e-02
4.520000000000000000e+02;-6.089450205015722872e-02
4.530000000000000000e+02;-6.129239673095021601e-02
4.540000000000000000e+02;-6.169084764084331596e-02
4.550000000000000000e+02;-6.208984501964742719e-02
4.560000000000000000e+02;-6.248939225100436090e-02
4.570000000000000000e+02;-6.288949046561853606e-02
4.580000000000000000e+02;-6.329013799302884991e-02
4.590000000000000000e+02;-6.369133125278203522e-02
4.600000000000000000e+02;-6.409307075601766712e-02
4.610000000000000000e+02;-6.449535249466364917e-02
4.620000000000000000e+02;-6.489818032399696790e-02
4.630000000000000000e+02;-6.530154816292821351e-02
4.640000000000000000e+02;-6.570545881382194864e-02
4.650000000000000000e+02;-6.610990863349819335e-02
4.660000000000000000e+02;-6.651489757465078867e-02
4.670000000000000000e+02;-6.692042634700179349e-02
4.680000000000000000e+02;-6.732649249421740478e-02
4.690000000000000000e+02;-6.773309033455809924e-02
4.700000000000000000e+02;-6.814023063093621602e-02
4.710000000000000000e+02;-6.854790112232578281e-02
4.720000000000000000e+02;-6.895610257569195767e-02
4.730000000000000000e+02;-6.936484035729151287e-02
4.740000000000000000e+02;-6.977410602069333834e-02
4.750000000000000000e+02;-7.018390383685613187e-02
4.760000000000000000e+02;-7.059422944729121241e-02
4.770000000000000000e+02;-7.100507713711579072e-02
4.780000000000000000e+02;-7.141645923320005807e-02
4.790000000000000000e+02;-7.182836466163422529e-02
4.800000000000000000e+02;-7.224080100749041833e-02
4.810000000000000000e+02;-7.265375218155867287e-02
4.820000000000000000e+02;-7.306723222044020360e-02
4.830000000000000000e+02;-7.348123046859811325e-02
4.840000000000000000e+02;-7.389575514197588291e-02
4.850000000000000000e+02;-7.431079798353223964e-02
4.860000000000000000e+02;-7.472635703812180452e-02
4.870000000000000000e+02;-7.514243678956944450e-02
4.880000000000000000e+02;-7.555902985708229380e-02
4.890000000000000000e+02;-7.597613938487768337e-02
4.900000000000000000e+02;-7.639376661858321427e-02
4.910000000000000000e+02;-7.681190851644181805e-02
4.920000000000000000e+02;-7.723056418321583294e-02
4.930000000000000000e+02;-7.764972611869858099e-02
4.940000000000000000e+02;-7.806940897811820435e-02
4.950000000000000000e+02;-7.848959671984090392e-02
4.960000000000000000e+02;-7.891029217620371128e-02
4.970000000000000000e+02;-7.933149718596865796e-02
4.980000000000000000e+02;-7.975321511937494279e-02
4.990000000000000000e+02;-8.017543241527036457e-02
5.000000000000000000e+02;-8.059816085967419497e-02
5.010000000000000000e+02;-8.102138999637098493e-02
5.020000000000000000e+02;-8.144512376846790858e-02
5.030000000000000000e+02;-8.186936427086877188e-02
5.040000000000000000e+02;-8.229410639161471863e-02
5.050000000000000000e+02;-8.271934841569361652e-02
5.060000000000000000e+02;-8.314508685453070314e-02
5.070000000000000000e+02;-8.357132932811417447e-02
5.080000000000000000e+02;-8.399807106181000904e-02
5.090000000000000000e+02;-8.442530548378357480e-02
5.100000000000000000e+02;-8.485303995473003624e-02
5.110000000000000000e+02;-8.528126606557151490e-02
5.120000000000000000e+02;-8.570998953281794286e-02
5.130000000000000000e+02;-8.613920990165446767e-02
5.140000000000000000e+02;-8.656892027084950314e-02
5.150000000000000000e+02;-8.699912598351033921e-02
5.160000000000000000e+02;-8.742981834467045132e-02
5.170000000000000000e+02;-8.786100711456867884e-02
5.180000000000000000e+02;-8.829267981237620688e-02
5.190000000000000000e+02;-8.872484504082223111e-02
5.200000000000000000e+02;-8.915749307805320711e-02
5.210000000000000000e+02;-8.959063251115040316e-02
5.220000000000000000e+02;-9.002425671781999483e-02
5.230000000000000000e+02;-9.045836701574039296e-02
5.240000000000000000e+02;-9.089296129976354166e-02
5.250000000000000000e+02;-9.132803771313113828e-02
5.260000000000000000e+02;-9.176360300398123115e-02
5.270000000000000000e+02;-9.219964206522313077e-02
5.280000000000000000e+02;-9.263616859331769149e-02
5.290000000000000000e+02;-9.307316931018938533e-02
5.300000000000000000e+02;-9.351065443426165302e-02
5.310000000000000000e+02;-9.394861955883726523e-02
5.320000000000000000e+02;-9.438705571577443720e-02
5.330000000000000000e+02;-9.482597112486068625e-02
5.340000000000000000e+02;-9.526536419709685788e-02
5.350000000000000000e+02;-9.570523097553085279e-02
5.360000000000000000e+02;-9.614557813799073926e-02
5.370000000000000000e+02;-9.658639371514787797e-02
5.380000000000000000e+02;-9.702767955101876396e-02
5.390000000000000000e+02;-9.746944206895058471e-02
5.400000000000000000e+02;-9.791167170311609880e-02
5.410000000000000000e+02;-9.835437258188228782e-02
5.420000000000000000e+02;-9.879754820438790830e-02
5.430000000000000000e+02;-9.924118463375286581e-02
5.440000000000000000e+02;-9.968529701089678952e-02
5.450000000000000000e+02;-1.001298708956905870e-01
5.460000000000000000e+02;-1.005749132959632419e-01
5.470000000000000000e+02;-1.010204219818451321e-01
5.480000000000000000e+02;-1.014663916751086248e-01
5.490000000000000000e+02;-1.019128277093770407e-01
5.500000000000000000e+02;-1.023597298561007563e-01
5.510000000000000000e+02;-1.028070931112772257e-01
5.520000000000000000e+02;-1.032549163920943869e-01
5.530000000000000000e+02;-1.037032016987424754e-01
5.540000000000000000e+02;-1.041519429425203924e-01
5.550000000000000000e+02;-1.046011475939838675e-01
5.560000000000000000e+02;-1.050508163204177947e-01
5.570000000000000000e+02;-1.055009350160798220e-01
5.580000000000000000e+02;-1.059515109926127963e-01
5.590000000000000000e+02;-1.064025461627284841e-01
5.600000000000000000e+02;-1.068540369999162465e-01
5.610000000000000000e+02;-1.073059830412326221e-01
5.620000000000000000e+02;-1.077583778759674260e-01
5.630000000000000000e+02;-1.082112305158791088e-01
5.640000000000000000e+02;-1.086645363592815272e-01
5.650000000000000000e+02;-1.091182906398451280e-01
5.660000000000000000e+02;-1.095725033235801504e-01
5.670000000000000000e+02;-1.100271599795181743e-01
5.680000000000000000e+02;-1.104822661173869847e-01
5.690000000000000000e+02;-1.109378250197625704e-01
5.700000000000000000e+02;-1.113938299065431181e-01
5.710000000000000000e+02;-1.118502828030187857e-01
5.720000000000000000e+02;-1.123071774137276435e-01
5.730000000000000000e+02;-1.127645249631381574e-01
5.740000000000000000e+02;-1.132223121662736531e-01
5.750000000000000000e+02;-1.136805468466857150e-01
5.760000000000000000e+02;-1.141392282389599444e-01
5.770000000000000000e+02;-1.145983492046074304e-01
5.780000000000000000e+02;-1.150579096116501887e-01
5.790000000000000000e+02;-1.155179201834073410e-01
5.800000000000000000e+02;-1.159783617979464054e-01
5.810000000000000000e+02;-1.164392522352226678e-01
5.820000000000000000e+02;-1.169005794272397480e-01
5.830000000000000000e+02;-1.173623440682423080e-01
5.840000000000000000e+02;-1.178245476764221422e-01
5.850000000000000000e+02;-1.182871879973230733e-01
5.860000000000000000e+02;-1.187502667670905510e-01
5.870000000000000000e+02;-1.192137765388352477e-01
5.880000000000000000e+02;-1.196777283818821758e-01
5.890000000000000000e+02;-1.201421091100858263e-01
5.900000000000000000e+02;-1.206069268413614282e-01
5.910000000000000000e+02;-1.210721770565577060e-01
5.920000000000000000e+02;-1.215378610777193558e-01
5.930000000000000000e+02;-1.220039809620931948e-01
5.940000000000000000e+02;-1.224705276344497662e-01
5.950000000000000000e+02;-1.229375035217561418e-01
5.960000000000000000e+02;-1.234049124427407662e-01
5.970000000000000000e+02;-1.238727494664946249e-01
5.980000000000000000e+02;-1.243410117048089347e-01
5.990000000000000000e+02;-1.248097050558474308e-01
6.000000000000000000e+02;-1.252788238744564353e-01
6.010000000000000000e+02;-1.257483718764529357e-01
6.020000000000000000e+02;-1.262183437200281588e-01
6.030000000000000000e+02;-1.266887442835518129e-01
6.040000000000000000e+02;-1.271595646909471355e-01
6.050000000000000000e+02;-1.276308111443498206e-01
6.060000000000000000e+02;-1.281024810868700570e-01
6.070000000000000000e+02;-1.285745767776482751e-01
6.080000000000000000e+02;-1.290470905954919090e-01
6.090000000000000000e+02;-1.295200288855191673e-01
6.100000000000000000e+02;-1.299933865194500271e-01
6.110000000000000000e+02;-1.304671569309938661e-01
6.120000000000000000e+02;-1.309413558144090217e-01
6.130000000000000000e+02;-1.314159720147785038e-01
6.140000000000000000e+02;-1.318910043164027712e-01
6.150000000000000000e+02;-1.323664565081941191e-01
6.160000000000000000e+02;-1.328423244128345004e-01
6.170000000000000000e+02;-1.333186101549745928e-01
6.180000000000000000e+02;-1.337952998956346562e-01
6.190000000000000000e+02;-1.342724221019828690e-01
6.200000000000000000e+02;-1.347499497177793160e-01
6.210000000000000000e+02;-1.352278934219022233e-01
6.220000000000000000e+02;-1.357062424015840207e-01
6.230000000000000000e+02;-1.361850157074950829e-01
6.240000000000000000e+02;-1.366641980801031053e-01
6.250000000000000000e+02;-1.371437790298202231e-01
6.260000000000000000e+02;-1.376237838561387150e-01
6.270000000000000000e+02;-1.381042004487724739e-01
6.280000000000000000e+02;-1.385850210054968557e-01
6.290000000000000000e+02;-1.390662508628501826e-01
6.300000000000000000e+02;-1.395478895064741209e-01
6.310000000000000000e+02;-1.400299344225164333e-01
6.320000000000000000e+02;-1.405123875566278713e-01
6.330000000000000000e+02;-1.409952478501637074e-01
6.340000000000000000e+02;-1.414785056145735354e-01
6.350000000000000000e+02;-1.419621830940176466e-01
6.360000000000000000e+02;-1.424462585210193311e-01
6.370000000000000000e+02;-1.429307368047592064e-01
6.380000000000000000e+02;-1.434156164726445581e-01
6.390000000000000000e+02;-1.439009026265125613e-01
6.400000000000000000e+02;-1.443865898106970747e-01
6.410000000000000000e+02;-1.448726699993674316e-01
6.420000000000000000e+02;-1.453591675719838605e-01
6.430000000000000000e+02;-1.458460577398330571e-01
6.440000000000000000e+02;-1.463333471462728852e-01
6.450000000000000000e+02;-1.468210374970801979e-01
6.460000000000000000e+02;-1.473091235479540018e-01
6.470000000000000000e+02;-1.477976042714299609e-01
6.480000000000000000e+02;-1.482864866207300736e-01
6.490000000000000000e+02;-1.487757666079154717e-01
6.500000000000000000e+02;-1.492654507320416712e-01
6.510000000000000000e+02;-1.497555252601205922e-01
6.520000000000000000e+02;-1.502459842130772216e-01
6.530000000000000000e+02;-1.507368552357934988e-01
6.540000000000000000e+02;-1.512281120719709548e-01
6.550000000000000000e+02;-1.517197624523358712e-01
6.560000000000000000e+02;-1.522118054495305017e-01
6.570000000000000000e+02;-1.527042399863951516e-01
6.580000000000000000e+02;-1.531970696334816751e-01
6.590000000000000000e+02;-1.536902790712950662e-01
6.600000000000000000e+02;-1.541838971334552610e-01
6.610000000000000000e+02;-1.546778976415286166e-01
6.620000000000000000e+02;-1.551722865620970282e-01
6.630000000000000000e+02;-1.556670669810316099e-01
6.640000000000000000e+02;-1.561622309183849922e-01
6.650000000000000000e+02;-1.566577891525611221e-01
6.660000000000000000e+02;-1.571537284528936596e-01
6.670000000000000000e+02;-1.576500586031954754e-01
6.680000000000000000e+02;-1.581467758982935123e-01
6.690000000000000000e+02;-1.586438771584823826e-01
6.700000000000000000e+02;-1.591413663565788283e-01
6.710000000000000000e+02;-1.596392328038316322e-01
6.720000000000000000e+02;-1.601374924846332704e-01
6.730000000000000000e+02;-1.606361290937314834e-01
6.740000000000000000e+02;-1.611351522414459225e-01
6.750000000000000000e+02;-1.616345601441455671e-01
6.760000000000000000e+02;-1.621343447647145553e-01
6.770000000000000000e+02;-1.626345074746939900e-01
6.780000000000000000e+02;-1.631350641812367996e-01
6.790000000000000000e+02;-1.636359941224760917e-01
6.800000000000000000e+02;-1.641373024894203780e-01
6.810000000000000000e+02;-1.646389928549858439e-01
6.820000000000000000e+02;-1.651410610977048776e-01
6.830000000000000000e+02;-1.656435026368328067e-01
6.840000000000000000e+02;-1.661463320232048346e-01
6.850000000000000000e+02;-1.666495329007542381e-01
6.860000000000000000e+02;-1.671531140151465422e-01
6.870000000000000000e+02;-1.676570696505930158e-01
6.880000000000000000e+02;-1.681613979102145606e-01
6.890000000000000000e+02;-1.686661045713364615e-01
6.900000000000000000e+02;-1.691711850021633268e-01
6.910000000000000000e+02;-1.696766396561084633e-01
6.920000000000000000e+02;-1.701824676027428040e-01
6.930000000000000000e+02;-1.706886700624288267e-01
6.940000000000000000e+02;-1.711952439896329281e-01
6.950000000000000000e+02;-1.717021919574879263e-01
6.960000000000000000e+02;-1.722095106133831877e-01
6.970000000000000000e+02;-1.727171991154499153e-01
6.980000000000000000e+02;-1.732252579963464711e-01
6.990000000000000000e+02;-1.737336882439119989e-01
7.000000000000000000e+02;-1.742424905471224861e-01
7.010000000000000000e+02;-1.747516608611299205e-01
7.020000000000000000e+02;-1.752611958906360456e-01
7.030000000000000000e+02;-1.757710959760707681e-01
7.040000000000000000e+02;-1.762813764551438567e-01
7.050000000000000000e+02;-1.767920196360321938e-01
7.060000000000000000e+02;-1.773030251986718042e-01
7.070000000000000000e+02;-1.778143989975529138e-01
7.080000000000000000e+02;-1.783261410322758422e-01
7.090000000000000000e+02;-1.788382450451120320e-01
7.100000000000000000e+02;-1.793507148887147906e-01
7.110000000000000000e+02;-1.798635484573107846e-01
7.120000000000000000e+02;-1.803767402026412725e-01
7.130000000000000000e+02;-1.808903053742145772e-01
7.140000000000000000e+02;-1.814042324809470585e-01
7.150000000000000000e+02;-1.819185168403389952e-01
7.160000000000000000e+02;-1.824331667722383088e-01
7.170000000000000000e+02;-1.829481698810635493e-01
7.180000000000000000e+02;-1.834635458223239368e-01
7.190000000000000000e+02;-1.839792767961370146e-01
7.200000000000000000e+02;-1.844953696201692139e-01
7.210000000000000000e+02;-1.850118187675597881e-01
7.220000000000000000e+02;-1.855286281255494885e-01
7.230000000000000000e+02;-1.860457964122446128e-01
7.240000000000000000e+02;-1.865633234606054458e-01
7.250000000000000000e+02;-1.870812084585438129e-01
7.260000000000000000e+02;-1.875994475808120399e-01
7.270000000000000000e+02;-1.881180449781965081e-01
7.280000000000000000e+02;-1.886369988593852298e-01
7.290000000000000000e+02;-1.891563093194257306e-01
7.300000000000000000e+02;-1.896759730523065457e-01
7.310000000000000000e+02;-1.901959932608363602e-01
7.320000000000000000e+02;-1.907163684250541280e-01
7.330000000000000000e+02;-1.912370971236985184e-01
7.340000000000000000e+02;-1.917581793730338546e-01
7.350000000000000000e+02;-1.922796132768294086e-01
7.360000000000000000e+02;-1.928014002440292529e-01
7.370000000000000000e+02;-1.933235408992555193e-01
7.380000000000000000e+02;-1.938460313263075108e-01
7.390000000000000000e+02;-1.943688745081786351e-01
7.400000000000000000e+02;-1.948920673535035064e-01
7.410000000000000000e+02;-1.954156122815202679e-01
7.420000000000000000e+02;-1.959395033583959389e-01
7.430000000000000000e+02;-1.964637485749083368e-01
7.440000000000000000e+02;-1.969883395730480657e-01
7.450000000000000000e+02;-1.975132806568264954e-01
7.460000000000000000e+02;-1.980385687856180965e-01
7.470000000000000000e+02;-1.985642049142590793e-01
7.480000000000000000e+02;-1.990901872407562223e-01
7.490000000000000000e+02;-1.996165191470957723e-01
7.500000000000000000e+02;-2.001431953539469788e-01
7.510000000000000000e+02;-2.006702170471950097e-01
7.520000000000000000e+02;-2.011975866894744058e-01
7.530000000000000000e+02;-2.017252972413245971e-01
7.540000000000000000e+02;-2.022533562866524193e-01
7.550000000000000000e+02;-2.027817580785953311e-01
7.560000000000000000e+02;-2.033105048859820130e-01
7.570000000000000000e+02;-2.038395853101135913e-01
7.580000000000000000e+02;-2.043690241920046446e-01
7.590000000000000000e+02;-2.048987911048385513e-01
7.600000000000000000e+02;-2.054289139244449558e-01
7.610000000000000000e+02;-2.059593722752879330e-01
7.620000000000000000e+02;-2.064901709490793991e-01
7.630000000000000000e+02;-2.070213113503083235e-01
7.640000000000000000e+02;-2.075527936973617926e-01
7.650000000000000000e+02;-2.080846100288908929e-01
7.660000000000000000e+02;-2.086167717920925924e-01
7.670000000000000000e+02;-2.091492710034934532e-01
7.680000000000000000e+02;-2.096821080749933230e-01
7.690000000000000000e+02;-2.102152835215491677e-01
7.700000000000000000e+02;-2.107487962420933059e-01
7.710000000000000000e+02;-2.112826478750964299e-01
7.720000000000000000e+02;-2.118168353399489945e-01
7.730000000000000000e+02;-2.123513595022181732e-01
7.740000000000000000e+02;-2.128862098126074187e-01
7.750000000000000000e+02;-2.134214152628945982e-01
7.760000000000000000e+02;-2.139569485873700216e-01
7.770000000000000000e+02;-2.144928127767489201e-01
7.780000000000000000e+02;-2.150290159967873649e-01
7.790000000000000000e+02;-2.155655517816263966e-01
7.800000000000000000e+02;-2.161024195130689662e-01
7.810000000000000000e+02;-2.166396211477490397e-01
7.820000000000000000e+02;-2.171771561575681631e-01
7.830000000000000000e+02;-2.177150254070348012e-01
7.840000000000000000e+02;-2.182532249863768925e-01
7.850000000000000000e+02;-2.187917559031831161e-01
7.860000000000000000e+02;-2.193306204103375734e-01
7.870000000000000000e+02;-2.198698130974676701e-01
7.880000000000000000e+02;-2.204093377093609973e-01
7.890000000000000000e+02;-2.209491925631894560e-01
7.900000000000000000e+02;-2.214893758111688982e-01
7.910000000000000000e+02;-2.220298890899421451e-01
7.920000000000000000e+02;-2.225707311703004621e-01
7.930000000000000000e+02;-2.231119029719312863e-01
7.940000000000000000e+02;-2.236534015214779458e-01
7.950000000000000000e+02;-2.241952272148886038e-01
7.960000000000000000e+02;-2.247373800716356840e-01
7.970000000000000000e+02;-2.252798632425871972e-01
7.980000000000000000e+02;-2.258226714535798152e-01
7.990000000000000000e+02;-2.263658044091538812e-01
8.000000000000000000e+02;-2.269092622543507076e-01
8.010000000000000000e+02;-2.274530490239836666e-01
8.020000000000000000e+02;-2.279971582072821690e-01
8.030000000000000000e+02;-2.285415937805534980e-01
8.040000000000000000e+02;-2.290863521883590437e-01
8.050000000000000000e+02;-2.296314359604778588e-01
8.060000000000000000e+02;-2.301768418782597081e-01
8.070000000000000000e+02;-2.307225721045860212e-01
8.080000000000000000e+02;-2.312686238249099802e-01
8.090000000000000000e+02;-2.318149967451557103e-01
8.100000000000000000e+02;-2.323616954795966194e-01
8.110000000000000000e+02;-2.329087116551757930e-01
8.120000000000000000e+02;-2.334560518576793697e-01
8.130000000000000000e+02;-2.340037135142551961e-01
8.140000000000000000e+02;-2.345516920129462335e-01
8.150000000000000000e+02;-2.350999954922272650e-01
8.160000000000000000e+02;-2.356486141544280599e-01
8.170000000000000000e+02;-2.361975541537280066e-01
8.180000000000000000e+02;-2.367468131854106872e-01
8.190000000000000000e+02;-2.372963923541231424e-01
8.200000000000000000e+02;-2.378462877542126819e-01
8.210000000000000000e+02;-2.383964994250167280e-01
8.220000000000000000e+02;-2.389470308929642073e-01
8.230000000000000000e+02;-2.394978794453752613e-01
8.240000000000000000e+02;-2.400490455021131453e-01
8.250000000000000000e+02;-2.406005261488370905e-01
8.260000000000000000e+02;-2.411523161209103705e-01
8.270000000000000000e+02;-2.417044393377754119e-01
8.280000000000000000e+02;-2.422568663578577031e-01
8.290000000000000000e+02;-2.428096117593412373e-01
8.300000000000000000e+02;-2.433626674887303665e-01
8.310000000000000000e+02;-2.439160419089745346e-01
8.320000000000000000e+02;-2.444697278606060564e-01
8.330000000000000000e+02;-2.450237272649982145e-01
8.340000000000000000e+02;-2.455780413982076027e-01
8.350000000000000000e+02;-2.461326654214968102e-01
8.360000000000000000e+02;-2.466876054616982117e-01
8.370000000000000000e+02;-2.472428558742514326e-01
8.380000000000000000e+02;-2.477984172300722321e-01
8.390000000000000000e+02;-2.483542918907080121e-01
8.400000000000000000e+02;-2.489104784235376400e-01
8.410000000000000000e+02;-2.494669728939928888e-01
8.420000000000000000e+02;-2.500237776490088493e-01
8.430000000000000000e+02;-2.505808937746767384e-01
8.440000000000000000e+02;-2.511383201169490320e-01
8.450000000000000000e+02;-2.516960537192964864e-01
8.460000000000000000e+02;-2.522540970741928845e-01
8.470000000000000000e+02;-2.528124517335026411e-01
8.480000000000000000e+02;-2.533711120012771545e-01
8.490000000000000000e+02;-2.539300789973832906e-01
8.500000000000000000e+02;-2.544893552354601240e-01
8.510000000000000000e+02;-2.550489396802841924e-01
8.520000000000000000e+02;-2.556088297508463114e-01
8.530000000000000000e+02;-2.561690273892409664e-01
8.540000000000000000e+02;-2.567295290914231032e-01
8.550000000000000000e+02;-2.572903369270669316e-01
8.560000000000000000e+02;-2.578514523882926568e-01
8.570000000000000000e+02;-2.584128727728085551e-01
8.580000000000000000e+02;-2.589745968164116618e-01
8.590000000000000000e+02;-2.595366275477370976e-01
8.600000000000000000e+02;-2.600989590318665279e-01
8.610000000000000000e+02;-2.606615960314595526e-01
8.620000000000000000e+02;-2.612245371134367389e-01
8.630000000000000000e+02;-2.617877811369897501e-01
8.640000000000000000e+02;-2.623513283644793859e-01
8.650000000000000000e+02;-2.629151772463647063e-01
8.660000000000000000e+02;-2.634793262967445315e-01
8.670000000000000000e+02;-2.640437805296258489e-01
8.680000000000000000e+02;-2.646085358056549097e-01
8.690000000000000000e+02;-2.651735894462099452e-01
8.700000000000000000e+02;-2.657389453387235534e-01
8.710000000000000000e+02;-2.663046033254303779e-01
8.720000000000000000e+02;-2.668705619195659295e-01
8.730000000000000000e+02;-2.674368180235155990e-01
8.740000000000000000e+02;-2.680033784169015831e-01
8.750000000000000000e+02;-2.685702307675299494e-01
8.760000000000000000e+02;-2.691373863079711271e-01
8.770000000000000000e+02;-2.697048404619053485e-01
8.780000000000000000e+02;-2.702725920100235157e-01
8.790000000000000000e+02;-2.708406412699577714e-01
8.800000000000000000e+02;-2.714089909105670273e-01
8.810000000000000000e+02;-2.719776338387820402e-01
8.820000000000000000e+02;-2.725465731462168861e-01
8.830000000000000000e+02;-2.731158132038178366e-01
8.840000000000000000e+02;-2.736853476807201702e-01
8.850000000000000000e+02;-2.742551790583895865e-01
8.860000000000000000e+02;-2.748253019044959444e-01
8.870000000000000000e+02;-2.753957258720554080e-01
8.880000000000000000e+02;-2.759664418430176624e-01
8.890000000000000000e+02;-2.765374521400101315e-01
8.900000000000000000e+02;-2.771087592414538392e-01
8.910000000000000000e+02;-2.776803564887799780e-01
8.920000000000000000e+02;-2.782522519643766401e-01
8.930000000000000000e+02;-2.788244382546576361e-01
8.940000000000000000e+02;-2.793969189598293212e-01
8.950000000000000000e+02;-2.799696932324877707e-01
8.960000000000000000e+02;-2.805427590010669547e-01
8.970000000000000000e+02;-2.811161151217742571e-01
8.980000000000000000e+02;-2.816897663657602635e-01
8.990000000000000000e+02;-2.822637050576481954e-01
9.000000000000000000e+02;-2.828379369715943170e-01
9.010000000000000000e+02;-2.834124607582211297e-01
9.020000000000000000e+02;-2.839872772049911731e-01
9.030000000000000000e+02;-2.845623827093444191e-01
9.040000000000000000e+02;-2.851377742508400814e-01
9.050000000000000000e+02;-2.857134594760921686e-01
9.060000000000000000e+02;-2.862894350184266301e-01
9.070000000000000000e+02;-2.868656964625202477e-01
9.080000000000000000e+02;-2.874422509216003618e-01
9.090000000000000000e+02;-2.880190903293673443e-01
9.100000000000000000e+02;-2.885962191679691813e-01
9.110000000000000000e+02;-2.891736351190594689e-01
9.120000000000000000e+02;-2.897513408713177085e-01
9.130000000000000000e+02;-2.903293335328740454e-01
9.140000000000000000e+02;-2.909076127510701326e-01
9.150000000000000000e+02;-2.914861797271708355e-01
9.160000000000000000e+02;-2.920650289131696553e-01
9.170000000000000000e+02;-2.926441686475698134e-01
9.180000000000000000e+02;-2.932235943762222519e-01
9.190000000000000000e+02;-2.938033014781975538e-01
9.200000000000000000e+02;-2.943832988444938792e-01
9.210000000000000000e+02;-2.949635758846405054e-01
9.220000000000000000e+02;-2.955441416793345155e-01
9.230000000000000000e+02;-2.961249900486002673e-01
9.240000000000000000e+02;-2.967061231565732982e-01
9.250000000000000000e+02;-2.972875394544889360e-01
9.260000000000000000e+02;-2.978692436099201757e-01
9.270000000000000000e+02;-2.984512247092894199e-01
9.280000000000000000e+02;-2.990334904966509555e-01
9.290000000000000000e+02;-2.996160401040786070e-01
9.300000000000000000e+02;-3.001988741079966161e-01
9.310000000000000000e+02;-3.007819871369168396e-01
9.320000000000000000e+02;-3.013653806959961656e-01
9.330000000000000000e+02;-3.019490584095532171e-01
9.340000000000000000e+02;-3.025330159699990418e-01
9.350000000000000000e+02;-3.031172558974493114e-01
9.360000000000000000e+02;-3.037017767246155131e-01
9.370000000000000000e+02;-3.042865757818358219e-01
9.380000000000000000e+02;-3.048716580742603099e-01
9.390000000000000000e+02;-3.054570197924952879e-01
9.400000000000000000e+02;-3.060426553555792850e-01
9.410000000000000000e+02;-3.066285756605005020e-01
9.420000000000000000e+02;-3.072147721194564696e-01
9.430000000000000000e+02;-3.078012490387713740e-01
9.440000000000000000e+02;-3.083880036839623529e-01
9.450000000000000000e+02;-3.089750365453873826e-01
9.460000000000000000e+02;-3.095623461126617570e-01
9.470000000000000000e+02;-3.101499336503827919e-01
9.480000000000000000e+02;-3.107378002282317198e-01
9.490000000000000000e+02;-3.113259453352981154e-01
9.500000000000000000e+02;-3.119143613864050479e-01
9.510000000000000000e+02;-3.125030603215019909e-01
9.520000000000000000e+02;-3.130920295250003704e-01
9.530000000000000000e+02;-3.136812771604144956e-01
9.540000000000000000e+02;-3.142708001989440447e-01
9.550000000000000000e+02;-3.148605968351070317e-01
9.560000000000000000e+02;-3.154506728322292730e-01
9.570000000000000000e+02;-3.160410184053734639e-01
9.580000000000000000e+02;-3.166316422837613942e-01
9.590000000000000000e+02;-3.172225397944643532e-01
9.600000000000000000e+02;-3.178137086278240986e-01
9.610000000000000000e+02;-3.184051536892109624e-01
9.620000000000000000e+02;-3.189968706828736345e-01
9.630000000000000000e+02;-3.195888625352072410e-01
9.640000000000000000e+02;-3.201811267161733809e-01
9.650000000000000000e+02;-3.207736647493515392e-01
9.660000000000000000e+02;-3.213664726039890951e-01
9.670000000000000000e+02;-3.219595530794450156e-01
9.680000000000000000e+02;-3.225529061912659756e-01
9.690000000000000000e+02;-3.231465295564159845e-01
9.700000000000000000e+02;-3.237404262860366089e-01
9.710000000000000000e+02;-3.243345938276842588e-01
9.720000000000000000e+02;-3.249290281213035314e-01
9.730000000000000000e+02;-3.255237362848166782e-01
9.740000000000000000e+02;-3.261187175253219550e-01
9.750000000000000000e+02;-3.267139601391235715e-01
9.760000000000000000e+02;-3.273094797772415632e-01
9.770000000000000000e+02;-3.279052704003415641e-01
9.780000000000000000e+02;-3.285013220423049773e-01
9.790000000000000000e+02;-3.290976451523306423e-01
9.800000000000000000e+02;-3.296942433710032816e-01
9.810000000000000000e+02;-3.302911048250027903e-01
9.820000000000000000e+02;-3.308882341542958017e-01
9.830000000000000000e+02;-3.314856314500111978e-01
9.840000000000000000e+02;-3.320832957157886511e-01
9.850000000000000000e+02;-3.326812308398547913e-01
9.860000000000000000e+02;-3.332794299420420714e-01
9.870000000000000000e+02;-3.338778962892092750e-01
9.880000000000000000e+02;-3.344766291995533436e-01
9.890000000000000000e+02;-3.350756303357638188e-01
9.900000000000000000e+02;-3.356748975117707090e-01
9.910000000000000000e+02;-3.362744239900745669e-01
9.920000000000000000e+02;-3.368742203936267998e-01
9.930000000000000000e+02;-3.374742832237043189e-01
9.940000000000000000e+02;-3.380746117818809182e-01
9.950000000000000000e+02;-3.386752027247599273e-01
9.960000000000000000e+02;-3.392760607683804608e-01
9.970000000000000000e+02;-3.398771800075159888e-01
9.980000000000000000e+02;-3.404785671795558244e-01
9.990000000000000000e+02;-3.410802174781562002e-01
1.000000000000000000e+03;-3.416821263722003010e-01
1.001000000000000000e+03;-3.422843041776300055e-01
1.002000000000000000e+03;-3.428867409703606484e-01
1.003000000000000000e+03;-3.434894413093196874e-01
1.004000000000000000e+03;-3.440924027016105669e-01
1.005000000000000000e+03;-3.446956335262516546e-01
1.006000000000000000e+03;-3.452991203534718778e-01
1.007000000000000000e+03;-3.459028659911691506e-01
1.008000000000000000e+03;-3.465068767189869448e-01
1.009000000000000000e+03;-3.471111492703720103e-01
1.010000000000000000e+03;-3.477156844567836913e-01
1.011000000000000000e+03;-3.483204781767241798e-01
1.012000000000000000e+03;-3.489255361370631192e-01
1.013000000000000000e+03;-3.495308462494222113e-01
1.014000000000000000e+03;-3.501364252336767180e-01
1.015000000000000000e+03;-3.507422579987942157e-01
1.016000000000000000e+03;-3.513483540327211330e-01
1.017000000000000000e+03;-3.519547040557906570e-01
1.018000000000000000e+03;-3.525613184454634563e-01
1.019000000000000000e+03;-3.531681886020816563e-01
1.020000000000000000e+03;-3.537753194173394178e-01
1.021000000000000000e+03;-3.543827073347074474e-01
1.022000000000000000e+03;-3.549903536108534041e-01
1.023000000000000000e+03;-3.555982555215067009e-01
1.024000000000000000e+03;-3.562064223981113997e-01
1.025000000000000000e+03;-3.568148410821052607e-01
1.026000000000000000e+03;-3.574235158583061178e-01
1.027000000000000000e+03;-3.580324487775481401e-01
1.028000000000000000e+03;-3.586416392066418268e-01
1.029000000000000000e+03;-3.592510864821960581e-01
1.030000000000000000e+03;-3.598607920473746447e-01
1.031000000000000000e+03;-3.604707483908438093e-01
1.032000000000000000e+03;-3.610809591335293334e-01
1.033000000000000000e+03;-3.616914268354349815e-01
1.034000000000000000e+03;-3.623021595759823299e-01
1.035000000000000000e+03;-3.629131354946508736e-01
1.036000000000000000e+03;-3.635243741557623309e-01
1.037000000000000000e+03;-3.641358645560828222e-01
1.038000000000000000e+03;-3.647476050929281399e-01
1.039000000000000000e+03;-3.653596028568646403e-01
1.040000000000000000e+03;-3.659718580333688465e-01
1.041000000000000000e+03;-3.665843630100305006e-01
1.042000000000000000e+03;-3.671971210055176016e-01
1.043000000000000000e+03;-3.678101266363125177e-01
1.044000000000000000e+03;-3.684233951447453137e-01
1.045000000000000000e+03;-3.690369100735075847e-01
1.046000000000000000e+03;-3.696506834038615352e-01
1.047000000000000000e+03;-3.702647053977976555e-01
1.048000000000000000e+03;-3.708789832942454012e-01
1.049000000000000000e+03;-3.714935082460559812e-01
1.050000000000000000e+03;-3.721082817665664066e-01
1.051000000000000000e+03;-3.727233140004688750e-01
1.052000000000000000e+03;-3.733385889777789401e-01
1.053000000000000000e+03;-3.739541197730407163e-01
1.054000000000000000e+03;-3.745699033753204787e-01
1.055000000000000000e+03;-3.751859373136365861e-01
1.056000000000000000e+03;-3.758022162960923396e-01
1.057000000000000000e+03;-3.764187481674774460e-01
1.058000000000000000e+03;-3.770355299640613111e-01
1.059000000000000000e+03;-3.776525604705263106e-01
1.060000000000000000e+03;-3.782698422596890708e-01
1.061000000000000000e+03;-3.788873738125797530e-01
1.062000000000000000e+03;-3.795051509256772704e-01
1.063000000000000000e+03;-3.801231740910591128e-01
1.064000000000000000e+03;-3.807414529546040427e-01
1.065000000000000000e+03;-3.813599739336961392e-01
1.066000000000000000e+03;-3.819787432005945504e-01
1.067000000000000000e+03;-3.825977610779638383e-01
1.068000000000000000e+03;-3.832170317563576845e-01
1.069000000000000000e+03;-3.838365468583866402e-01
1.070000000000000000e+03;-3.844563101968567764e-01
1.071000000000000000e+03;-3.850763142655218019e-01
1.072000000000000000e+03;-3.856965675371881730e-01
1.073000000000000000e+03;-3.863170683082639556e-01
1.074000000000000000e+03;-3.869378214146887984e-01
1.075000000000000000e+03;-3.875588119745749793e-01
1.076000000000000000e+03;-3.881800491106766060e-01
1.077000000000000000e+03;-3.888015343578761218e-01
1.078000000000000000e+03;-3.894232662817138646e-01
1.079000000000000000e+03;-3.900452347074665482e-01
1.080000000000000000e+03;-3.906674569937500507e-01
1.081000000000000000e+03;-3.912899208731097644e-01
1.082000000000000000e+03;-3.919126299006236991e-01
1.083000000000000000e+03;-3.925355834510995123e-01
1.084000000000000000e+03;-3.931587787045263127e-01
1.085000000000000000e+03;-3.937822202939411653e-01
1.086000000000000000e+03;-3.944059085444120427e-01
1.087000000000000000e+03;-3.950298300270649321e-01
1.088000000000000000e+03;-3.956540036712237196e-01
1.089000000000000000e+03;-3.962784191243500231e-01
1.090000000000000000e+03;-3.969030728235747318e-01
1.091000000000000000e+03;-3.975279765454526881e-01
1.092000000000000000e+03;-3.981531136031968288e-01
1.093000000000000000e+03;-3.987785022968335369e-01
1.094000000000000000e+03;-3.994041281934208598e-01
1.095000000000000000e+03;-4.000299920727918845e-01
1.096000000000000000e+03;-4.006560997521884104e-01
1.097000000000000000e+03;-4.012824507128094353e-01
1.098000000000000000e+03;-4.019090390681423486e-01
1.099000000000000000e+03;-4.025358681557005269e-01
1.100000000000000000e+03;-4.031629454408438562e-01
1.101000000000000000e+03;-4.037902608937322668e-01
1.102000000000000000e+03;-4.044178121708572604e-01
1.103000000000000000e+03;-4.050456017354626681e-01
1.104000000000000000e+03;-4.056736345203368899e-01
1.105000000000000000e+03;-4.063019093865758435e-01
1.106000000000000000e+03;-4.069304209114452675e-01
1.107000000000000000e+03;-4.075591708146983905e-01
1.108000000000000000e+03;-4.081881657149484255e-01
1.109000000000000000e+03;-4.088173909492471836e-01
1.110000000000000000e+03;-4.094468579807735154e-01
1.111000000000000000e+03;-4.100765684078009343e-01
1.112000000000000000e+03;-4.107065032693579809e-01
1.113000000000000000e+03;-4.113366871281503023e-01
1.114000000000000000e+03;-4.119671079348403708e-01
1.115000000000000000e+03;-4.125977693182747430e-01
1.116000000000000000e+03;-4.132286628974828346e-01
1.117000000000000000e+03;-4.138597966439618858e-01
1.118000000000000000e+03;-4.144911634088916941e-01
1.119000000000000000e+03;-4.151227688562748597e-01
1.120000000000000000e+03;-4.157546124463955550e-01
1.121000000000000000e+03;-4.163866842962491432e-01
1.122000000000000000e+03;-4.170190062961562916e-01
1.123000000000000000e+03;-4.176515500924615765e-01
1.124000000000000000e+03;-4.182843395904498607e-01
1.125000000000000000e+03;-4.189173658551315071e-01
1.126000000000000000e+03;-4.195506220400933017e-01
1.127000000000000000e+03;-4.201841107723094382e-01
1.128000000000000000e+03;-4.208178390134982294e-01
1.129000000000000000e+03;-4.214517972104907528e-01
1.130000000000000000e+03;-4.220859915211665481e-01
1.131000000000000000e+03;-4.227204252826464170e-01
1.132000000000000000e+03;-4.233550960674037356e-01
1.133000000000000000e+03;-4.239899928291777087e-01
1.134000000000000000e+03;-4.246251230526016940e-01
1.135000000000000000e+03;-4.252604951123295507e-01
1.136000000000000000e+03;-4.258960927020059017e-01
1.137000000000000000e+03;-4.265319246424930100e-01
1.138000000000000000e+03;-4.271679859177233141e-01
1.139000000000000000e+03;-4.278042929435752484e-01
1.140000000000000000e+03;-4.284408199056386479e-01
1.141000000000000000e+03;-4.290775889152502742e-01
1.142000000000000000e+03;-4.297145767532821736e-01
1.143000000000000000e+03;-4.303518109416195614e-01
1.144000000000000000e+03;-4.309892689115013553e-01
1.145000000000000000e+03;-4.316269581253884269e-01
1.146000000000000000e+03;-4.322648813392540035e-01
1.147000000000000000e+03;-4.329030364299573108e-01
1.148000000000000000e+03;-4.335414218661757246e-01
1.149000000000000000e+03;-4.341800388782761644e-01
1.150000000000000000e+03;-4.348188857862336221e-01
1.151000000000000000e+03;-4.354579595798124814e-01
1.152000000000000000e+03;-4.360972676207381937e-01
1.153000000000000000e+03;-4.367368040257133543e-01
1.154000000000000000e+03;-4.373765756553869011e-01
1.155000000000000000e+03;-4.380165695973836648e-01
1.156000000000000000e+03;-4.386568024253953979e-01
1.157000000000000000e+03;-4.392972529242271662e-01
1.158000000000000000e+03;-4.399379450390146218e-01
1.159000000000000000e+03;-4.405788461030937242e-01
1.160000000000000000e+03;-4.412199928242497293e-01
1.161000000000000000e+03;-4.418613676795022371e-01
1.162000000000000000e+03;-4.425029695471067726e-01
1.163000000000000000e+03;-4.431447926942571058e-01
1.164000000000000000e+03;-4.437868505041109302e-01
1.165000000000000000e+03;-4.444291352839702114e-01
1.166000000000000000e+03;-4.450716475825764462e-01
1.167000000000000000e+03;-4.457143854270722017e-01
1.168000000000000000e+03;-4.463573503961022482e-01
1.169000000000000000e+03;-4.470005439347080056e-01
1.170000000000000000e+03;-4.476439729412451385e-01
1.171000000000000000e+03;-4.482876134072402152e-01
1.172000000000000000e+03;-4.489314873802801031e-01
1.173000000000000000e+03;-4.495755842093398513e-01
1.174000000000000000e+03;-4.502199150616963408e-01
1.175000000000000000e+03;-4.508644687681346852e-01
1.176000000000000000e+03;-4.515092453215263646e-01
1.177000000000000000e+03;-4.521542419866015905e-01
1.178000000000000000e+03;-4.527994837686524221e-01
1.179000000000000000e+03;-4.534449242928815238e-01
1.180000000000000000e+03;-4.540906100168005111e-01
1.181000000000000000e+03;-4.547365183412459544e-01
1.182000000000000000e+03;-4.553826399220852750e-01
1.183000000000000000e+03;-4.560289939740993503e-01
1.184000000000000000e+03;-4.566755731450165001e-01
1.185000000000000000e+03;-4.573223796625285331e-01
1.186000000000000000e+03;-4.579694114604464517e-01
1.187000000000000000e+03;-4.586166593758314036e-01
1.188000000000000000e+03;-4.592641307705402909e-01
1.189000000000000000e+03;-4.599118242507813648e-01
1.190000000000000000e+03;-4.605597431664119057e-01
1.191000000000000000e+03;-4.612078909950909633e-01
1.192000000000000000e+03;-4.618562593936896832e-01
1.193000000000000000e+03;-4.625048468372963129e-01
1.194000000000000000e+03;-4.631536671580729347e-01
1.195000000000000000e+03;-4.638026917654940462e-01
1.196000000000000000e+03;-4.644519509748885611e-01
1.197000000000000000e+03;-4.651014321191357936e-01
1.198000000000000000e+03;-4.657511257997679621e-01
1.199000000000000000e+03;-4.664010495735446682e-01
1.200000000000000000e+03;-4.670511935268173431e-01
1.201000000000000000e+03;-4.677015617647484191e-01
1.202000000000000000e+03;-4.683521399075516456e-01
1.203000000000000000e+03;-4.690029520141330011e-01
1.204000000000000000e+03;-4.696539880800862932e-01
1.205000000000000000e+03;-4.703052341232414335e-01
1.206000000000000000e+03;-4.709566970498357819e-01
1.207000000000000000e+03;-4.716083905701715651e-01
1.208000000000000000e+03;-4.722602926388219657e-01
1.209000000000000000e+03;-4.729124300668612335e-01
1.210000000000000000e+03;-4.735647762812291717e-01
1.211000000000000000e+03;-4.742173422848292574e-01
1.212000000000000000e+03;-4.748701340661458659e-01
1.213000000000000000e+03;-4.755231280432674623e-01
1.214000000000000000e+03;-4.761763662606757208e-01
1.215000000000000000e+03;-4.768298164184621157e-01
1.216000000000000000e+03;-4.774834856736376310e-01
1.217000000000000000e+03;-4.781373651168348005e-01
1.218000000000000000e+03;-4.787914597119726778e-01
1.219000000000000000e+03;-4.794457824348050679e-01
1.220000000000000000e+03;-4.801003196360760228e-01
1.221000000000000000e+03;-4.807550728941833995e-01
1.222000000000000000e+03;-4.814100404803305366e-01
1.223000000000000000e+03;-4.820652373200413621e-01
1.224000000000000000e+03;-4.827206429255141984e-01
1.225000000000000000e+03;-4.833762685259497260e-01
1.226000000000000000e+03;-4.840321080947500576e-01
1.227000000000000000e+03;-4.846881789557482278e-01
1.228000000000000000e+03;-4.853444448918189380e-01
1.229000000000000000e+03;-4.860009315962354748e-01
1.230000000000000000e+03;-4.866576500774719705e-01
1.231000000000000000e+03;-4.873145783903058970e-01
1.232000000000000000e+03;-4.879717202836744150e-01
1.233000000000000000e+03;-4.886290705052331873e-01
1.234000000000000000e+03;-4.892866357436922442e-01
1.235000000000000000e+03;-4.899444285492240425e-01
1.236000000000000000e+03;-4.906024353272044891e-01
1.237000000000000000e+03;-4.912606536812464952e-01
1.238000000000000000e+03;-4.919190888049662647e-01
1.239000000000000000e+03;-4.925777390542176448e-01
1.240000000000000000e+03;-4.932366010285562652e-01
1.241000000000000000e+03;-4.938956809030443651e-01
1.242000000000000000e+03;-4.945549713084105292e-01
1.243000000000000000e+03;-4.952144753142562195e-01
1.244000000000000000e+03;-4.958741999351872209e-01
1.245000000000000000e+03;-4.965341276271519888e-01
1.246000000000000000e+03;-4.971942826899038437e-01
1.247000000000000000e+03;-4.978546419779821264e-01
1.248000000000000000e+03;-4.985152252137616813e-01
1.249000000000000000e+03;-4.991760080450706738e-01
1.250000000000000000e+03;-4.998370100483722211e-01
1.251000000000000000e+03;-5.004982308754257758e-01
1.252000000000000000e+03;-5.011596482426767807e-01
1.253000000000000000e+03;-5.018212912781052637e-01
1.254000000000000000e+03;-5.024831389682482552e-01
1.255000000000000000e+03;-5.031452069182584808e-01
1.256000000000000000e+03;-5.038074871321587267e-01
1.257000000000000000e+03;-5.044699782000261479e-01
1.258000000000000000e+03;-5.051326741719801561e-01
1.259000000000000000e+03;-5.057955918890773006e-01
1.260000000000000000e+03;-5.064587031814120621e-01
1.261000000000000000e+03;-5.071220438210062298e-01
1.262000000000000000e+03;-5.077855972710505483e-01
1.263000000000000000e+03;-5.084493519338924017e-01
1.264000000000000000e+03;-5.091133156180092101e-01
1.265000000000000000e+03;-5.097774883661578826e-01
1.266000000000000000e+03;-5.104418882042232042e-01
1.267000000000000000e+03;-5.111064823009918712e-01
1.268000000000000000e+03;-5.117712922077917170e-01
1.269000000000000000e+03;-5.124363087999466160e-01
1.270000000000000000e+03;-5.131015440890571710e-01
1.271000000000000000e+03;-5.137669752989193483e-01
1.272000000000000000e+03;-5.144326369840452884e-01
1.273000000000000000e+03;-5.150984755058427567e-01
1.274000000000000000e+03;-5.157645625670674860e-01
1.275000000000000000e+03;-5.164308178701091379e-01
1.276000000000000000e+03;-5.170973322760339386e-01
1.277000000000000000e+03;-5.177640192804169317e-01
1.278000000000000000e+03;-5.184309259876975773e-01
1.279000000000000000e+03;-5.190980416016568455e-01
1.280000000000000000e+03;-5.197653628827261230e-01
1.281000000000000000e+03;-5.204328639119069067e-01
1.282000000000000000e+03;-5.211006230253651950e-01
1.283000000000000000e+03;-5.217685545828203431e-01
1.284000000000000000e+03;-5.224367246518930585e-01
1.285000000000000000e+03;-5.231050829396348689e-01
1.286000000000000000e+03;-5.237736455880739328e-01
1.287000000000000000e+03;-5.244424263369040773e-01
1.288000000000000000e+03;-5.251113837902927628e-01
1.289000000000000000e+03;-5.257805850269754444e-01
1.290000000000000000e+03;-5.264499605511563374e-01
1.291000000000000000e+03;-5.271195951972753591e-01
1.292000000000000000e+03;-5.277893919356486663e-01
1.293000000000000000e+03;-5.284594259050798826e-01
1.294000000000000000e+03;-5.291295959230151169e-01
1.295000000000000000e+03;-5.298000440053911575e-01
1.296000000000000000e+03;-5.304706563545842357e-01
1.297000000000000000e+03;-5.311415270781427722e-01
1.298000000000000000e+03;-5.318125683763028633e-01
1.299000000000000000e+03;-5.324838129966042999e-01
